park_id,lf_line_ft,lcf_ft,cf_ft,rcf_ft,rf_line_ft,lf_wall_ft,cf_wall_ft,rf_wall_ft,elevation_ft
ATH,330,388,400,388,330,8,8,8,
ATL,335,385,400,375,325,8,8,8,
AZ,330,374,407,374,334,7,25,7,
BAL,333,384,400,373,318,25,25,25,
BOS,310,379,420,380,302,37,17,3,
CHC,355,368,400,353,353,11,11,11,
CIN,325,379,404,370,325,12,12,12,
CLE,325,370,405,375,325,19,19,19,
COL,347,390,415,375,350,8,8,8,
CWS,330,375,400,375,335,8,8,8,
DET,345,395,420,365,330,8,8,8,
HOU,315,436,409,373,325,19,12,7,
KC,330,387,410,387,330,12,12,9,
LAA,330,387,400,365,330,18,18,18,
LAD,330,385,395,385,330,8,8,8,
MIA,344,386,407,392,335,8,8,8,
MIL,344,371,400,374,345,8,8,8,
MIN,339,377,404,367,328,8,8,8,
NYM,335,378,408,373,330,8,8,8,
NYY,318,399,408,353,314,8,8,10,
PHI,329,374,401,369,330,8,8,8,
PIT,325,389,399,375,320,6,6,21,
SD,336,367,396,382,322,8,8,8,
SEA,331,378,401,326,326,8,8,8,
SF,339,364,399,421,309,8,8,25,
STL,336,390,400,375,335,8,8,8,
TB,315,404,404,322,322,10,10,10,
TEX,329,372,407,374,326,8,8,12,
TOR,328,375,400,375,328,10,10,10,
WSH,336,377,402,370,335,8,8,8,
